review_id,brand,model,source,user_name,review_text,rating,posted_date,scraped_at
1617953a8d62c99b09b5aae5802bb32f,TVS,TVS iQube,91wheels,ravi Gurjar,Maine TVS iQube ko daily commute ke liye use karta hu. Ride bahut smooth aur comfortable hai. Charging cost kam aata hai aur scooter chalane me kafi easy hai. City use ke liye range bhi thek hai.,4.2,02-07-2026,04-07-2026
0422d2f23865ed4ede0fa83af2f7c2df,TVS,TVS iQube,91wheels,prashant,"This electric scooter is the best in its segment, offering top-tier range, comfort, and durability. The display console is sleek and well-designed, featuring an intuitive interface that makes it incredibly easy for anyone to operate smoothly.",5.0,30-06-2026,04-07-2026
befdcfddf2b35b37d35057a1155dd2c7,TVS,TVS iQube,91wheels,Mahesh Uppar,"Bike very comfort and smooth and pickup also very good and looks also very good and good range, battery also very nice overall worth for money",5.0,29-06-2026,04-07-2026
9f9bd058d21cd01e6d91e77a1ed7021b,TVS,TVS iQube,91wheels,BRIJNANDAN SINGH,"Very nice performance, good looking, nice pickup and in good colour.",5.0,29-06-2026,04-07-2026
6ca29a68407e76c246e1a1560dc6df2d,TVS,TVS iQube,91wheels,Prakash Kpl,Nice vehicle best use for ladies and learners must buy this one I like this vehicle much.,5.0,13-06-2026,04-07-2026
91ee032c51bb2fb5e973b067e2e9a28f,TVS,TVS iQube,91wheels,???????? ?????????? ???,"The design and performance are excellent, and the colors are fantastic. TVS is a brand I have always trusted, and their service is reliable, which is why I chose the TVS iQube electric scooter.",4.2,13-06-2026,04-07-2026
2813c81b9f6868818f8bc39705c459d2,TVS,TVS iQube,91wheels,Raja Rao,"We have always had a great experience with TVS vehicles; they are reliable and offer excellent value for the money. When it comes to their electric lineup, TVS is in a strong position and is really attracting commuters with its impressive features and performance.",4.6,13-06-2026,04-07-2026
45abf491857fdebb89ce938a79344480,TVS,TVS iQube,91wheels,Muthamil,Useful for me and save my money for future life and pollution less future give and gift by me to coming generation through this product this brand is very nice and good,5.0,13-06-2026,04-07-2026
3f313d74894a5fd100701ae4a15eb1c3,TVS,TVS iQube,91wheels,Annapurna potharlanka,"I loved this vehicle,mileage and colour also.charging capacity also better than other companies.i recommend to my near and dear ones this top electric vehicle.",5.0,04-07-2026,04-07-2026
d2c2a844c40b7b90a6440babb3ed42ac,TVS,TVS iQube,91wheels,Kirtan Valand,"The TVS iQube is an excellent choice if you are looking for a reliable electric scooter that offers a perfect balance of range and features. While its conservative, family-oriented design might feel a bit understated compared to sportier models, it is a stylish, well-built, and practical scooter that is perfect for daily commuting.",5.0,04-07-2026,04-07-2026
1893a41b6198f65197fd014547d12e18,TVS,TVS iQube,91wheels,Surendra Prasad,100% worthy ev scooter. It is very comfortable. I have good experience while driving. It is very helpful for everyone who are interested in buying ev scooter.,4.8,04-07-2026,04-07-2026
272f52a085aa6380c23b2574324a55d4,TVS,TVS iQube,91wheels,MOHD Najauddin,"This is a fantastic scooter that looks absolutely beautiful and offers a very nice design. I purchased it last month, and I am very impressed with its performance. It features a great battery backup, excellent suspension, and provides an incredibly smooth driving experience.",5.0,04-07-2026,04-07-2026
e8462a8ce4a8672a20cb1d93ef2ef4fb,TVS,TVS iQube,91wheels,Kumar Gaurav,"I recommend it to everyone. With rising fuel concerns, it is a smart and efficient choice with good safety features. TVS Motor Company is a trusted brand, and it offers excellent mileage and reliable performance. Overall, I really like it and consider TVS one of the best companies.",4.4,04-07-2026,04-07-2026
22f51fde0016470711a41a6da90124d3,TVS,TVS iQube,91wheels,Reya Bose,"Comfortable family scooter with easy handling and good design. Overall performance is superb, with low maintenance and convenient tracking features. The large display adds to the modern feel and ease of use. A great choice for everyday riding.",5.0,04-07-2026,04-07-2026
240ab918faa33a56bb6547b557c6fdc2,TVS,TVS iQube,91wheels,Yuvraj Natkar Patil,"Good and comfortable scooter with a smooth riding experience. TVS is a trusted brand, and its electric scooter, TVS iQube, offers good comfort, performance, and reliability. It is a smart and eco-friendly choice for daily use.",5.0,04-07-2026,04-07-2026
6d191249c2ee4afd3b41ed312e894410,TVS,TVS iQube,91wheels,Gopal Singh,This review contains an audio comment,4.2,04-07-2026,04-07-2026
d9cb93afc9d1ad6973e32e9b5b45b223,TVS,TVS iQube,91wheels,Surender Sharma,"TVS iQube India ke best electric scooters me se ek hai, aur TVS ka bharosa alag hi hai. Mere paas TVS ki petrol scooty bhi hai. Ye dusre scooters se better mileage deti hai aur dekhne me bhi zyada stylish aur sundar lagti hai.",5.0,04-07-2026,04-07-2026
1967ddfc2aac9e0eedb6ca74a195c8f3,TVS,TVS iQube,91wheels,Tannu Pahalwan parking,This is a superb and one of the best vehicles. It is very good and impressive in performance. I really liked it a lot. I highly recommend everyone to consider this vehicle.,5.0,04-07-2026,04-07-2026
61c4142bdf41c388d685c64bea7cb88b,TVS,TVS iQube,91wheels,Adil Maseeh,"Overall, the bike offers strong and impressive performance. It feels powerful on the road and delivers a satisfying riding experience.",5.0,04-07-2026,04-07-2026
2c0c2a63e6ab7b4a12fdc3b62889b1a5,TVS,TVS iQube,91wheels,Sanjeev Gupta,Excellent comfort for every person at a reasonable price. A good and practical option that offers a smooth and satisfying experience overall.,5.0,04-07-2026,04-07-2026
e1bc48e665b54b4613fbc9c41a69fcdf,TVS,TVS iQube,91wheels,Madhukar Singh,"The TVS iQube Electric is a very useful and comfortable scooter for daily riding. It is easy to drive and offers a smooth experience in city traffic. The maintenance cost is low, making it an economical choice in the long run. Overall, it is a practical and reliable electric scooter for everyday use.",4.4,04-07-2026,04-07-2026
031d4d2874d66875ed73bf525bbe019f,TVS,TVS iQube,91wheels,Sourabh Chavan,"This is a really nice scooter that offers excellent comfort. I have been using it for the past five years without any issues, which speaks to its reliability. It’s a great choice for the new generation, combining modern technology with a smooth riding experience. Highly recommended—buy it and enjoy your journey!",5.0,04-07-2026,04-07-2026
eeccb96355b1f237d5664d3c50d1cc45,TVS,TVS iQube,91wheels,Ramula Ravikumar,"Very good scooter for all types of use. It is very comfortable to ride. It is a middle-class scooter. In 2026, it is one of the best scooters in the EV sector. So, go for TVS.",4.0,04-07-2026,04-07-2026
af3e42e70ea7e8c7335829c55f79959c,TVS,TVS iQube,91wheels,Amit Kumar,"The TVS iQube Electric is a well-advised choice that matches my needs effectively. After comparing it with other options, I found its looks, style, and overall features very appealing. It offers a good and practical riding experience. However, for middle-class families, better discounts or offers would make it even more attractive. With improved pricing benefits, more customers would definitely prefer and love to buy this scooter.",5.0,04-07-2026,04-07-2026
43a7bcf50cd821f3d682cf2a6af0452b,TVS,TVS iQube,91wheels,Selva Kumar,"The TVS iQube is a modern electric scooter that offers a smooth and comfortable riding experience. It is designed for city commuting with good handling, silent performance, and easy usability. The scooter is known for its practical features, decent range, and convenient charging options, making daily travel simple and efficient. Overall, it is a good choice for those looking for a reliable and eco-friendly electric scooter.",4.2,04-07-2026,04-07-2026
8e4642a633350a5ca102b4329f1f6c46,TVS,TVS iQube,91wheels,Rajendra Kumar Nayak,"The TVS iQube is a very excellent scooter, and I really like this model. The design is very nice and modern. The staff are cooperative and well-behaved, which makes the buying experience smooth and pleasant.This vehicle is also in high demand in the Odisha market, which shows its popularity and trust among users. Overall, I am very satisfied with it.",5.0,04-07-2026,04-07-2026
736f72b746eabd9fc67f2bf327628b86,TVS,TVS iQube,91wheels,Anjani Singh,This scooty is a good deal in this price.It is very comfortable and average is good .It is economic and budget friendly.Need low maintainance.Good design and look.I love this scooty.,5.0,04-07-2026,04-07-2026
37fa611880ecb3a3af6003bf06748167,TVS,TVS iQube,91wheels,SHIVA CHAUHAN,"Mujhe ye scooty bahut achhi lagti hai. Ye mujhe sach mein bahut pasand hai. Ye bahut hi achhi scooty hai, jitna bolo utna kam hai.",5.0,04-07-2026,04-07-2026
e16a58d1af43d87dcab76ce4b9c49953,TVS,TVS iQube,91wheels,MANIRAM,"It offers very good mileage, making it highly efficient and economical for regular use.",5.0,04-07-2026,04-07-2026
c6873e12b0211b6678c61fb13bc9506e,TVS,TVS iQube,91wheels,Neeraj Jain,"The TVS iQube is one of the best electric two-wheelers in India. The service provided by the TVS Motor Company showrooms is excellent, and they give clear and genuine information about the product. It is a perfect family scooter, offering comfort, reliability, and good performance. I would highly recommend it to everyone looking for a dependable electric scooter.",5.0,04-07-2026,04-07-2026
40a113d0201f5b4c952e8ba7b09434cf,TVS,TVS iQube,91wheels,Smit Kasodariya,"This is a very nice scooter with an attractive and stylish design. It is in great condition and comes with a smooth and well-functioning system. The riding experience is enjoyable, and the battery performance is reliable and hassle-free. The handle control is excellent, making it easy and comfortable to drive. It performs well in different weather conditions, and the overall build quality, including the body cover, is impressive. I am very happy with this scooter",5.0,04-07-2026,04-07-2026
88b3932a84e265255e9bd22e10258801,TVS,TVS iQube,91wheels,Saksham,"The TVS iQube stands out with its solid build quality and strong pickup, which truly enhance its overall appeal. Its design is modern and आकर्षive, while the range and features are also top-notch. Considering its well-rounded performance, I would definitely recommend the TVS iQube to anyone nearby who is interested in a reliable and stylish electric scooter.",5.0,04-07-2026,04-07-2026
3927bc16cc8a95836f83f64c885123d8,TVS,TVS iQube,91wheels,Irfan Ansari,"This scooter has a very attractive look and comes in appealing color variants. It offers good mileage and smooth handling, making it easy and comfortable to ride. There is also enough space to carry goods, which adds to its practicality. One of the best features is that it runs very quietly, almost noiseless. Many of my friends own this scooter, and their experience has also been very positive. Overall, it’s one of the best scooters available right now.",4.8,04-07-2026,04-07-2026
5e4696d09113c4c4fc4b079638a3120f,TVS,TVS iQube,91wheels,Krishna,"This scooter looks very beautiful and offers a comfortable driving experience. Its stylish design adds to the overall appeal, making it a joy to ride.",3.0,04-07-2026,04-07-2026
826a5249ca6ebe74d308ed9523815640,TVS,TVS iQube,91wheels,Ashish Dubey,"This is a very good product, even after 5 years of use. The battery quality is excellent and continues to perform reliably over time. Thank you to TVS Motor for delivering such a durable and dependable product.",5.0,04-07-2026,04-07-2026
7aaa35461d2ab24ee7c618fd974d087e,TVS,TVS iQube,91wheels,Himanshu Kumar,"This scooter is excellent in every way. Its visual appeal is striking, and the lights are bright and effective, making it both stylish and practical.",5.0,04-07-2026,04-07-2026
b462cae554c4ec529159a61567252bda,TVS,TVS iQube,91wheels,Vishal jain,"The lighting on this bike, both the headlight and taillight, is excellent. The ride is extremely smooth, and once someone drives it, I highly recommend it to all my friends and social circle. I’ve personally recommended it to everyone. Unlike petrol-powered scooters, I wouldn’t choose them, and when it comes to electric vehicles, the TVS iQube is unbeatable. Compared to another similar EV (I won’t name the company), sitting on that one feels like riding an e-rickshaw, but the iQube feels much better for me.",5.0,04-07-2026,04-07-2026
ab778dcdb666c0a50213d96727186598,TVS,TVS iQube,91wheels,Dev Gour,"This is a very good and compatible EV. The mileage is excellent, the seat is comfortable, and it has a big boot space. With a strong range, there’s no complaint about its performance. Overall, it’s the best EV option that everyone can consider buying.",4.4,04-07-2026,04-07-2026
80284bd7fcec207134146e90930473ad,TVS,TVS iQube,91wheels,Bajrang shelke,"A number one vehicle! The TVS iQube Electric scooter is excellent—stylish, efficient, and perfect for daily use.",4.2,04-07-2026,04-07-2026
b57a29fdd1224e329594aaa2423278c7,TVS,TVS iQube,91wheels,Tabassum Praveen,"This TVS scooty is very comfortable for daily office rides and city commuting. It’s easy to handle and charge, making life much more convenient. Thanks to TVS for offering such a reliable and practical scooter in the market.",4.0,04-07-2026,04-07-2026
8af915890b5ba9245378b32d166e1730,TVS,TVS iQube,91wheels,Syed Tajamul,This is a good and user-friendly vehicle. It is budget-friendly and we have been using it for the past two years without any complaints. There are also many service centers available for it.,5.0,04-07-2026,04-07-2026
1ca1831abece38520777b9152435c908,TVS,TVS iQube,91wheels,Ranjeet Yadav,"This EV offers the best comfort with light and stable handling, even in traffic. Acceleration is smooth and not jerky, making it ideal for beginners and family use. It comes with big storage, a smart display, and a reverse mode. Overall, it’s the best EV for daily use. Thank you",5.0,04-07-2026,04-07-2026
8fff4e2b3b006f346e38938aac423197,TVS,TVS iQube,91wheels,Pappu Sarwan,"This vehicle is well-suited for city traffic and smooth roads, offering convenience and ease of use.",5.0,04-07-2026,04-07-2026
098b48ed80106471b24abaf6906eb1bc,TVS,TVS iQube,91wheels,Bhagyavant Pradhan,"Iski quality badiya hai, is wajah se maine isko itni rating di hai. Iska design bhi accha hai aur price wise bhi kaafi sahi hai. Jiska budget kam ho, wo bhi ise le sakta hai. Is hisaab se yeh bahut badiya hai.",5.0,04-07-2026,04-07-2026
549dd72ae9220bc0f5cfb1bcec21de85,TVS,TVS iQube,91wheels,Ramesh,"TVS iQube is very excellent and gives very good mileage. Charging is very fast. Thank you so much, TVS. It is the best choice for happy customers.",3.2,04-07-2026,04-07-2026
753448153d1634bdc4484db65a0f6527,TVS,TVS iQube,91wheels,Mohammad Asif,"The TVS iQ scooter is very impressive—it looks stylish and performs exceptionally well on the road. The ride quality is smooth and comfortable, with no jerks, making it enjoyable to drive. Its design is also very appealing and modern. I am completely satisfied with this scooter and would definitely recommend it to others considering a reliable and stylish option.",5.0,04-07-2026,04-07-2026
e643f5c2cd107730e9361514591f879f,TVS,TVS iQube,91wheels,Karamdeep,I appreciate this scooter. I like riding the TVS iQube. It is a very good bike.,5.0,04-07-2026,04-07-2026
fbf8fa4383f7d74e3bbec4d65c5521f8,TVS,TVS iQube,91wheels,Raju das,This vehicle is good and very comfortable to use. It has a nice and elegant look that adds to its appeal. I have recommended it to my neighbors and friends as well. I appreciate this product and the efforts of the TVS Motor Company team for their excellent work and achievements.,3.6,04-07-2026,04-07-2026
346465f35768e47f7c3bacb040a7efef,TVS,TVS iQube,91wheels,Suryajeet singh,"It is a good vehicle for daily use and works well for everyday commuting. It can also be used for long rides, thanks to its good battery life. I’ve often seen this vehicle on the roads of Jodhpur, which shows its popularity and reliability.",5.0,04-07-2026,04-07-2026
819aad84f1b0c9cd0ba74a67ed4c3e16,TVS,TVS iQube,91wheels,Vangala saidachary,"I like this Indian scooter and I love TVS as a company. I have been using TVS bikes for the last 9 years and have experienced good performance. Because of this, I also love their EV scooters. Thank you, TVS, a proud Indian company. Namaste India.",4.2,04-07-2026,04-07-2026
aab3b85f9efa745a659f65b1d891ccaa,TVS,TVS iQube,91wheels,Basavaraj Japannavar,It offers a super excellent riding experience. It is very comfortable and runs smoothly with great flexibility.,5.0,04-07-2026,04-07-2026
8c91b23fbdc0699f2856eade3daa8d49,TVS,TVS iQube,91wheels,Ranjan kumar,"The design of the iQube scooter is superb and very appealing. Although its 2.2 kW range is slightly lower and the price a bit high, the overall look and style are top-notch. This scooter is definitely my first choice.",3.2,04-07-2026,04-07-2026
da9c9fcc2e64c54d8317b50c4cb8897d,TVS,TVS iQube,91wheels,Joseph,It's a nice vehicle. I would definitely recommend to anyone who wants to buy a new vehicle. The smoothness of the ride is really appreciated. Thank you. Bye.,4.0,04-07-2026,04-07-2026
1c1f5a9ad0af7d25b0788655ddc54102,TVS,TVS iQube,91wheels,Angad kumar,"The TVS iQube Electric offers excellent quality. It delivers a smooth and reliable ride, combining efficiency with modern electric performance. A smart and dependable choice for daily commuting.",5.0,04-07-2026,04-07-2026
3dfddca9ff977a32a29ac01b2ba7507d,TVS,TVS iQube,91wheels,ansh akabari,"Good bike overall, and I can explain its features myself. There is just one issue — the service waiting time is long, so the showroom should provide faster service.",3.0,04-07-2026,04-07-2026
aefafff3c691d18eba34023737f3b5de,TVS,TVS iQube,91wheels,Vipin dohare,This TVS iQube Electric is very good scooter. I want all details in detail.,3.0,04-07-2026,04-07-2026
22f295c10c82a8f6fc3376454d4a789e,TVS,TVS iQube,91wheels,Bharat,This electric bike has excellent pickup and impressive speed. The performance feels powerful and enjoyable to ride. It is one of the best electric bikes to buy right now. I strongly suggest everyone consider this bike—just purchase it and ride without any tension.,5.0,04-07-2026,04-07-2026
0ec2a801c2d35323d3aa739360016c40,TVS,TVS iQube,91wheels,Sandesh,"I believe this is the best option to buy in the EV segment. It honestly delivers on its claims, and the mileage is excellent. From my experience, it is truly a great choice for anyone looking to buy an electric vehicle.",5.0,04-07-2026,04-07-2026
7cbb8911c82eb50657a342c86d49e265,TVS,TVS iQube,91wheels,Aamir,"The TVS iQube is one of the best electric scooters. It is a very good-looking vehicle and perfect for daily use. Charging is very easy, and the pickup is amazing. It comes with two riding modes—Eco and Power—which makes it even more convenient. Overall, my experience with this scooter has been very good.",5.0,04-07-2026,04-07-2026
88cf792284e85058a463dbe2c2d3e67e,TVS,TVS iQube,91wheels,Dum Dum,"This is the best electric scooty I’ve experienced. I love riding it and highly recommend it to others. Its performance is smooth and unique, and I plan to purchase it soon.",4.2,04-07-2026,04-07-2026
1eea5118816130c16e6b76fa3778801d,TVS,TVS iQube,91wheels,Adi Panday,"I want to buy an iQ vehicle with a range of around 145 km because I really like the iQ model. Its quality is very good, and the performance is impressive. The features and overall riding experience make it a great choice.",5.0,04-07-2026,04-07-2026
aa4a43cdb01bc9a911eb768b8fca23d1,TVS,TVS iQube,91wheels,Rushali,"Easy to ride, good looking, and very comfortable to use—just like the old petrol scooters. A smooth and pleasant riding experience overall. Highly recommended.",5.0,04-07-2026,04-07-2026
fee58b053a6578f741ba7545aee298a1,TVS,TVS iQube,91wheels,Anonymous,"This scooter is super comfortable and comes highly recommended from my side. If you’re looking for an EV scooter, its design is very cool and stylish. Overall, it’s a very good and reliable scooter.",4.6,04-07-2026,04-07-2026
e7065159ca1659b8ea04c0c720923d5d,TVS,TVS iQube,91wheels,Mittal Prasad sahu,"The scooter offers good mileage and has an attractive look. It rides smoothly, is comfortable, and has good pickup. The lights are bright, the grip is excellent, and the battery performance is reliable. The seating capacity is also good. I really like this scooter—it’s a very nice choice.",5.0,04-07-2026,04-07-2026
70573a88875df6db7fb8961aac4231cc,TVS,TVS iQube,91wheels,Jaid Dange,"My scooter is just amazing. It gives 95–105 km range in Eco mode. Very comfortable to ride. The tracking feature is the best for an electric scooter. Design is decent. Overall, it’s a good option to buy.",5.0,04-07-2026,04-07-2026
4f080dbc849c910164099cba44c5a002,TVS,TVS iQube,91wheels,Raj thakur,"This vehicle has good service, battery performance, and very low charging time.",5.0,04-07-2026,04-07-2026
336e77d9dd82067d68e0cc86f893b6bf,TVS,TVS iQube,91wheels,Yuvraj kumar,"This is a very good vehicle—absolutely impressive. It runs extremely smoothly and delivers a great driving experience. There are many excellent features that are hard to describe all at once, but overall, everything about it feels well-made and reliable. Truly a fantastic vehicle and a great choice.",4.2,04-07-2026,04-07-2026
1ef389606744ec6b8aebd2efeff81e61,TVS,TVS iQube,91wheels,Hanumant Ghode,This is a good scooter in the electric segment and is in great condition. I like the iQube scooter because it offers excellent features and its price is one of the lowest in India. I’m interested in purchasing this scooter in Ahmednagar. It’s a smart and affordable choice.,5.0,04-07-2026,04-07-2026
efd413a9a8662ae57d00bf19250eab9b,TVS,TVS iQube,91wheels,Neel solanki,"This scooter is very good and nice. It is the best scooter of my life. It is very comfortable for me, my family, and friends. I enjoy riding this scooter very much. It feels sporty and smooth to ride.",5.0,04-07-2026,04-07-2026
b088e3bda270a1f5e11da2b382552d3d,TVS,TVS iQube,91wheels,Vaibhav Vishal,"A very good electric scooter smooth and excellent to ride. The scooter looks great and performs very well. There are no issues, and it has sufficient power. Overall, it’s a fantastic vehicle.",5.0,04-07-2026,04-07-2026
fc9009ea60cdb10a22b132e950e00c0f,TVS,TVS iQube,91wheels,Ravindra Sharma,"The overall quality is good and the performance is impressive. However, the rear wheel mud flap could be improved, as it feels weak. The body is made entirely of fiber, which is actually a positive point as it keeps the vehicle lightweight and stylish. Overall, it is a decent product with good performance and scope for minor improvements.",3.4,04-07-2026,04-07-2026
ac7e1e5d5cc35956f8e972598ea7c4c2,TVS,TVS iQube,91wheels,Vijayabalan,"Driving is comfortable, good mileage, saves money. Very good looking, lovely and beautiful. Charges quickly.",5.0,04-07-2026,04-07-2026
2723a644ac320e3b196b98fd3175588e,TVS,TVS iQube,91wheels,Amit,"The TVS iCube electric scooter is really good. The battery backup is excellent, and the pickup is impressive. Overall, I believe this is one of the best scooters available.",5.0,04-07-2026,04-07-2026
af610666e59cfc8fe58b0524e750e1d9,TVS,TVS iQube,91wheels,Abdul Rasheed,"The bike is smooth, makes no unwanted sound, has a good design, and comes in a nice color.",3.4,04-07-2026,04-07-2026
b36da0c27552df4318e4b7ab1447df8f,TVS,TVS iQube,91wheels,Krishna Vhasker Kumar,"Great service for two-wheelers and excellent customer commitment. TVS iQube is smooth, reliable, and perfect for daily use. Very impressed",5.0,04-07-2026,04-07-2026
b95c960865703374f09cdefa199d5e81,TVS,TVS iQube,91wheels,Teamraja Nadakuditi,"This vehicle offers superb power and excellent comfort. The battery is strong, and the stylish design makes it very attractive. The seats are comfortable for family rides, and it is capable of long-distance travel. It’s a reliable product from a good company, and many people appreciate its impressive look.",5.0,04-07-2026,04-07-2026
2cf3088e99ee5bdda6cd03353a3b215d,TVS,TVS iQube,91wheels,Dilsob,Very good performance by TVS. Great job on the safety features. Best of luck to TVS—they're a fantastic company,5.0,04-07-2026,04-07-2026
c67bdf4664023feb11634402bd89de25,TVS,TVS iQube,91wheels,AFROZ ALAUDDIN,"TVS is a well-known brand for bikes and scooters, famous nationwide. Their bikes and scooters are popular in most cities of North India. They are reliable, offering durability and good mileage.",4.0,04-07-2026,04-07-2026
0b57d0761b4b992269ba8a1ca3db0b3e,TVS,TVS iQube,91wheels,Akshat Kumar,"This is a comfortable scooter for Indian roads and Indian riders. It offers a nice battery backup and an impressive range. Overall, it’s a very good scooter.",5.0,04-07-2026,04-07-2026
2a7f0aa80974bd21113513279a9aedff,TVS,TVS iQube,91wheels,Mahesh J,"""The scooty is superb and offers great value for money. The design, height, and ground clearance are all very good. I highly recommend it to everyone. This is the best option. Many thanks to TVS!""",4.6,04-07-2026,04-07-2026
2ed9c773c05f9c5dba21104cdfac089e,TVS,TVS iQube,91wheels,Imran,"The best and most reliable electric scooter! It’s very beautiful with awesome color options. It runs smoothly, has a good average, and charges quickly. The TVS electric scooty is excellent.",4.6,04-07-2026,04-07-2026
7ebee5a935782ed6b0944b76ab2ca736,TVS,TVS iQube,91wheels,Gautam Choudhary,"This vehicle is perfect for everyone. It's versatile enough for both city and village use, making it ideal for any purpose. I really like it.",5.0,04-07-2026,04-07-2026
2d7d2550ac921fdd290277b39f1a68d3,TVS,TVS iQube,91wheels,K N sheshasharma,Good scooter with a lesser range which is not sufficient in a metropolitan city. Rear Shock absorber is not that strong. Other features are good including the appearance and road grip.,4.2,04-07-2026,04-07-2026
1ad113f97b18d52270bbcf4adc00ec9d,TVS,TVS iQube,91wheels,Bujji Shyam,"All features are good, and the mileage is excellent. The price is very low compared to other bikes. The bike looks very attractive, especially because of the color. Overall, all features are good and everything is fine. Thank you",5.0,04-07-2026,04-07-2026
658a11e956c6cc45ee56ce2f907132ea,TVS,TVS iQube,91wheels,Sagar Batham,"Amazing, A nice scooter in this budget of ₹1.10L. It has a great look, attractive color, and feels really good. The base model from TVS is excellent. Very happy with my purchase.",5.0,04-07-2026,04-07-2026
0c84cc6a8e384eb81d04dc28c48a89d4,TVS,TVS iQube,91wheels,TSS GAMING,"Best scooter in the world! I really like this scooter so much. Thank you, TVS, for making such an amazing scooty truly the best in the world.",5.0,04-07-2026,04-07-2026
85a9275a58ec2ae4db897e2eb00f0747,TVS,TVS iQube,91wheels,ASHISH KUMAR,"The bike has a good design, excellent features, spacious seating, impressive mileage, attractive colors, and a very appealing price. The colors are especially eye-catching. While the features are similar to most other EVs, its mileage stands out, making it a great choice overall.",3.8,04-07-2026,04-07-2026
3b03788657a9d2637e391ca1d5e59391,TVS,TVS iQube,91wheels,Akshat gehlot,"Good scooter. I really like its design. It’s very budget-friendly and eco-friendly since it’s electric. With a range of more than 100 kilometres, it’s also very pocket-friendly.",4.2,04-07-2026,04-07-2026
ac53bc9a8bb594fea8b1925da43c141b,TVS,TVS iQube,91wheels,Ra,"I travel around 80 km daily, and the ride comfort is excellent — it’s really smooth and easy on long commutes. However, the turn-by-turn navigation feature isn't functioning properly, which is a drawback. In terms of range, it delivers around 115 km in Eco mode and about 80 km in other modes. Overall, it's a reliable option for daily commuting with great comfort and decent range.",5.0,04-07-2026,04-07-2026
0654516fa9c897f48546c522c223d099,TVS,TVS iQube,91wheels,Anonymous,"The TVS iQube is a stylish, reliable, and smooth electric scooter. The build quality is strong, and the ride is very comfortable. The range is decent, and the features are amazing. Overall, it’s a great scooter definitely worth considering.",3.8,04-07-2026,04-07-2026
ded3c5f583e2a24513a2171150a37b31,TVS,TVS iQube,91wheels,Madhav garg,This is a wonderful scooter for elderly men and women. It has a long lifespan and is lighter compared to other scooters. It’s definitely the best choice for people looking for comfort and ease.,5.0,04-07-2026,04-07-2026
3ec79839ab25c767f094398e09da67bb,TVS,TVS iQube,91wheels,Deepak,Best electric scooter of IQube electric. TVS IQube electric is the best product of the world. Main ye ek saal se use kar raha hoon. Bahut achha lagta hai mujhe. Bahut comfort feel karta hai. Mujhe khareed ke bahut achha laga.,5.0,04-07-2026,04-07-2026
cf8da96ec81c2330f622ac6a0afe9786,TVS,TVS iQube,91wheels,Vitthal,"I've been using the TVS iQube scooter for a while now, and it's one of the best scooters from TVS. The ride is super smooth and very comfortable. Overall performance is excellent, and I highly recommend this scooter.",5.0,04-07-2026,04-07-2026
b2c1443827d27b7abd78b0b99106df9f,TVS,TVS iQube,91wheels,Manish,"Best bike is an electric scooter. It is the best price in India. This bike is very good in its price range, and it is safe and very strong.",5.0,04-07-2026,04-07-2026
a057c8851853339eb39d89e70d5cd020,TVS,TVS iQube,91wheels,Hari Singh,bahut achha vehicle ye mujhe pasand hai hamare paas mein do teen janon ne liya hai vehicle bahut achha laga isliye main le raha hoon mujhe ye pasand hai,5.0,04-07-2026,04-07-2026
3e86f1affc8a831dd16e75bbfbf4030e,TVS,TVS iQube,91wheels,Nithyananthan,"Very good TVS brand trustworthy and easily accessible for everyone. Great value for money, pollution-free, no petrol expenses, and no noise. Looks good and can carry luggage efficiently.",5.0,04-07-2026,04-07-2026
009e4b5f2121de1c467f66243b401a87,TVS,TVS iQube,91wheels,Tarun Kukreja,I like the look and the quiet ride. No worries about petrol or pollution checks. Good performance and safe driving my wife can drive it easily. Easy to charge anywhere with minimal electricity consumption.,5.0,04-07-2026,04-07-2026
f3354868fe08399013f21e63360a4d4d,TVS,TVS iQube,91wheels,Umamahesh,"This is a very good electric vehicle with excellent performance, impressive mileage, and a reasonable price. It offers good speed and eye-catching looks, along with low maintenance and minimal power consumption. The driving comfort is also top-notch, making it a perfect choice for daily commuting and eco-friendly travel.",4.6,04-07-2026,04-07-2026
4fec9f9a585899ccca99bca4708d0f38,TVS,TVS iQube,91wheels,MOHD ARIF HASAN,"To get the best performance from the TVS iQube, it offers excellent features that enable higher top speeds and better overall power. It’s a great choice for those looking for strong performance, power range, and top-speed capabilities.",4.0,04-07-2026,04-07-2026
31a4f8259364597f74a4ad1bbcb6a3a1,TVS,TVS iQube,91wheels,Rahul,The electric scooter looks good with decent mileage and a nice design. Everything seems good. I am planning to buy a new EV scooter this week or by the end of this month.,4.6,04-07-2026,04-07-2026
6ed73c5af7cea0c911ac8991f0cba81c,TVS,TVS iQube,91wheels,haik Chand,"If you want a EV scooty in India with good speed, mileage, smart display, strong battery & motor, stylish look etc., this is the top choice.",4.2,04-07-2026,04-07-2026
502136e64cc2294dc5fe61faeadbc3a0,TVS,TVS iQube,91wheels,Neha,A good electric scooter with stylish design and very attractive colors.,5.0,04-07-2026,04-07-2026
e9230ae8d0e3b30df568c8522232c7b1,TVS,TVS iQube,91wheels,Nataraja,"I had a great experience with this EV. It’s in good condition, has excellent road grip, and is very user-friendly. The design looks nice, it’s affordable, and the battery is long-lasting. Riding is smooth, with good suspension, zero emissions, and no noise pollution. It also has good load-carrying capacity and comes in different colors. Overall, the performance is excellent, and I’m really happy with my decision to purchase the TVS EV.",3.8,04-07-2026,04-07-2026
d4d8c333869713b05d4958a38058bb65,TVS,TVS iQube,91wheels,Sandipan Roy,This is the best scooter in terms of mileage and performance. The riding experience is extremely comfortable. The battery performance is excellent. It’s truly a dream ride.,5.0,04-07-2026,04-07-2026
608d94e4d207e596117642c5d0a56f06,TVS,TVS iQube,91wheels,KadothGajan,"Please provide a fast charger and a mobile charging port at the front, not inside the boot. Improve the charging time and use better quality tyres. The side stand should be stronger. Focus on overall quality and include a mobile holder as well.",4.8,04-07-2026,04-07-2026
54d1072bcee4807ed405df5f124ff839,TVS,TVS iQube,91wheels,Mallikarjun irappa,"Very good e-bike! I recommended it to my friend, and he bought two EV iQube e-bikes. My friends are very happy, and I am very happy too.",4.4,04-07-2026,04-07-2026
573b9bcc8e90075fd0d24d1d33120080,TVS,TVS iQube,91wheels,VENUGOPAL MUNDRA,"I purchased the TVS iQube about a year ago, and I feel it’s the best EV scooter I’ve ever seen in terms of comfort, mileage, and low maintenance.",4.8,04-07-2026,04-07-2026
0ad0a0f12d0eec2b33f684e0fae218a6,TVS,TVS iQube,91wheels,Pramod Kumar,"This vehicle comes at a reachable price and offers great mileage. It has proper space and a long, comfortable seat that's ideal for long drives. The design is stylish, with many color options to choose from. Comfort is top-notch, maintenance is almost zero, and it also supports fast charging — making it a smart and practical choice for everyday use.",4.2,04-07-2026,04-07-2026
80a5b5530af5b4da721708e7d39d0b55,TVS,TVS iQube,91wheels,Pundit Ranjan Dash,"The scooter is good and reliable. It has good features, warranty on battery, top speed, mileage on single charge is also satisfactory. I want to recommend this to everyone and also to my friends.",4.4,04-07-2026,04-07-2026
2a0a5ed0992e4fe8cde02ab1926ab70d,TVS,TVS iQube,91wheels,Anonymous,The build quality and performance are excellent. It’s a great TVS iQube electric bike.,5.0,04-07-2026,04-07-2026
f5b3076ca28a33465275f22f1766a593,TVS,TVS iQube,91wheels,Kuldeep kumar,This is number one in design with very good performance. I love my iQube very much. You should go for this because it is very smooth in all aspects.,4.8,04-07-2026,04-07-2026
d0d6a7c1498e4775246af24d75ea6849,TVS,TVS iQube,91wheels,Aftab,"The TVS iQube electric scooter is very smart and practical. It’s a great choice for daily commuters, regular jobholders, and business users. If you're looking for a reliable electric scooter for everyday use, the TVS iQube is a great option.",5.0,04-07-2026,04-07-2026
632ee1001c1d729facc82d467124aed5,TVS,TVS iQube,91wheels,Kishan Solanki,"The TVS iQube Electric is an excellent scooter. I am extremely happy with its performance. After purchasing it, I recommended it to many people, and they also bought it. They too are very satisfied with their decision. It’s truly a wonderful vehicle that brings joy to its owners.",5.0,04-07-2026,04-07-2026
83f0c423860375d6a1c8f4fae41800cd,TVS,TVS iQube,91wheels,Rahul kumar,"The TVS iQube Electric is the best vehicle I’ve ever owned. It looks amazing, comes at a reasonable price, and delivers impressive performance. With its smart design and powerful features, it truly stands out among electric two-wheelers. A perfect combination of style, efficiency, and value.",5.0,04-07-2026,04-07-2026
0daa3972965df9d5739ecd1466dccc7e,TVS,TVS iQube,91wheels,Anonymous,"TVS iQube Electric is a great vehicle for both family use and daily office commuting. It offers good mileage and a decent top speed, making it a practical and efficient option. The scooter looks stylish and handsome, adding to its overall appeal. It comes equipped with a front disc brake for better safety and a rear drum brake, which is also effective. Overall, it’s a well-balanced electric scooter for modern needs. Ask ChatGPT",1.0,04-07-2026,04-07-2026
bab532f9eb30bdd5ed0e1846e748b860,TVS,TVS iQube,91wheels,Tejas Digule,"Main TVS EV scooter chala chuka hoon, aur mujhe ye gaadi bahut acchi lagi. Baat karein pickup, mileage, aur comfort ki, toh ye scooter sabhi aspects mein behtareen hai. Main ise buy karne ka plan bhi bana raha hoon.",4.8,04-07-2026,04-07-2026
0fcb188c4cccc82f17eabaf9378772c8,TVS,TVS iQube,91wheels,Rahul mishra,"Fantastic scooter, best in its segment. A quality product by TVS. I love the design and looks. It has the best battery, top-notch quality, and excellent range.",5.0,04-07-2026,04-07-2026
e908902a0d2bc217fd93fb6486538b99,TVS,TVS iQube,91wheels,Saroja Bhoir,"The TVS iQube is an excellent electric scooter, offering the best in average, safety, style, and comfort. It provides a superior riding experience compared to other electric vehicles. Though the price is slightly on the higher side, the scooter makes up for it with great performance and impressive battery backup. Truly a smart and reliable choice for modern commuting!",5.0,04-07-2026,04-07-2026
f41f8be1e06a903a8f21c56c4f067e88,TVS,TVS iQube,91wheels,Alok,"The TVS iQube Electric is a very comfortable scooter with a unique design and a stylish look. It offers good mileage, low maintenance, and reliable charging support, making it an ideal choice for eco-friendly commuting. I highly recommend buying the TVS iQube—a smart, efficient, and future-ready electric scooter!",3.8,04-07-2026,04-07-2026
e40c8277f93446e9cbf131bacaad3b62,TVS,TVS iQube,91wheels,Deepak viswakarma,This is the No. 1 electric scooter in the world. Thank you to the TVS team and all of India. I want to buy more electric scooters from TVS India Limited. Thank you so much.,5.0,04-07-2026,04-07-2026
96d5cb77e01b8a7b13c10f41db9d1f87,TVS,TVS iQube,91wheels,Sohail Khan,"It’s a good vehicle. I’ve been riding it for a year, and I love it. If anyone is considering it, I’d say go ahead and buy it as soon as possible.",5.0,04-07-2026,04-07-2026
521792a8b79c2c34747d0c90cf1e1337,TVS,TVS iQube,91wheels,Dharmil,"Good product and very useful for office-goers. It helps save petrol costs in daily life. It's one of the best products to buy anytime, and it's easy to purchase with a low EMI.",5.0,04-07-2026,04-07-2026
27f5684f6265c30780b48ac3b4382ba5,TVS,TVS iQube,91wheels,Albert Raj,"This TVS electric bike is superb. The charging is excellent, and it is very special in India. It takes 4 hours to charge fully, and once charged, it gives a range of 83 km.",5.0,04-07-2026,04-07-2026
a050eecc01837363eb6f407cb6077889,TVS,TVS iQube,91wheels,bskumar svg,"Our staff provided a great explanation of the TVS iQube model, including service and maintenance details. I am very satisfied. I just need information about the EMI loan amount. I will visit the showroom again. Thank you.",4.0,04-07-2026,04-07-2026
8deaefbd2c4785fa6cb710ea6931122d,TVS,TVS iQube,91wheels,Akhil,"Nice bike and perfect for daily essentials. It’s energy saving and fuel-efficient. I’ll definitely recommend it to others. It also comes in good color options, has great style, and is lightweight.",5.0,04-07-2026,04-07-2026
137873fcb3a9b772d1074c70903e50fe,TVS,TVS iQube,91wheels,David Kar,"It’s a perfect family scooter with a high-performance body, big wheels, and impressive ground clearance. The design is simply awesome, and the color combinations are truly mind-blowing.",5.0,04-07-2026,04-07-2026
77924bf3243aa9c0563515016b6fad45,TVS,TVS iQube,91wheels,Tushar bhandari,This scooty is the best I have ever seen in my life. The comfort and mileage it provides are unmatched by anyone else. I absolutely love this electric vehicle and highly recommend everyone to buy it.,5.0,04-07-2026,04-07-2026
d90760f59d6bc46ba71deb81f519b1cf,TVS,TVS iQube,91wheels,P K,Good looking and easy to drive on the road. The back gear is a new feature. I like the beautiful colors white and gray are the most popular. TVS is a strong and reliable brand. Thank you.,4.0,04-07-2026,04-07-2026
91d12f04365a5764d88eabeb49d8dfe9,TVS,TVS iQube,91wheels,Nitin,Excellent scooter must buy. Very comfortable and amazing scooter. Price is good. Runs 75 km properly Jalandhar to Ludhiana without any problems must buy.,5.0,04-07-2026,04-07-2026
3ea9b887b1d50cb7d7c7ee58a816efcf,TVS,TVS iQube,91wheels,RAGHU S,"Vehicle performance , technology , and over all riding experience is very good. Comfortable ride and they given very good boot space and over all vehicle performance is very good.",5.0,04-07-2026,04-07-2026
a9877df0a49d255f796dcc49a442a983,TVS,TVS iQube,91wheels,Balasaheb Pawar,"Very good vehicle. Comfortable for short journey within the city. Senior citizen can use this vehicle, as it is light weight vehicle. Low or no maintenance cost, user friendly vehicle.",4.6,04-07-2026,04-07-2026
4a2877a9b0560a662c2a0e49fadedf6e,TVS,TVS iQube,91wheels,Shubhi Agrawal,It is good scooter and good performance in the wheel suspension power. Good mileage in the scooter. Good battery backup and good space to sit.,3.4,04-07-2026,04-07-2026
c54e15171b00e593ec4e6b24fa5e5bfc,TVS,TVS iQube,91wheels,Hipal Patel,Very nice scooter. I really recommend this e scooter to this world. I like it very much. Very nice comfort and features. Service is also very good.,5.0,04-07-2026,04-07-2026
4ba6937a05e28eab0946c22f19056575,TVS,TVS iQube,91wheels,Elahi M,"The TVS iQube feels similar to the Jupiter in terms of ride smoothness. It delivers superb pickup and smooth performance, especially for city rides. The EV motor performs very well, making daily commuting effortless.",4.6,04-07-2026,04-07-2026
411e9a85323d0b631685a6fd4d36e1a3,TVS,TVS iQube,91wheels,Pankaj Kumar,This was to better comfort Thanks tvs moters. I love this scooty and better battery backup and power than we say it was to good and better performance thanks TVs moters.,4.8,04-07-2026,04-07-2026
787fd78ab1296933cf2a8fcc733fbe57,TVS,TVS iQube,91wheels,VIKASH KUMAR,"Very Comfortable & looking Nice, High Features in our TVS IQ Electric Scooter, If you plan to buy electric scooter, then go with This Scooter TVS IQ is the best Option.",5.0,04-07-2026,04-07-2026
4f51950c50a26eb19ddccd6f7fcbfc9e,TVS,TVS iQube,91wheels,Patel mayur,My two wheeler is best performance and best average and best pick up. Very nice. I am very happy and best performance.,5.0,04-07-2026,04-07-2026
752aa64a596e12dbfc44db89f7a74367,TVS,TVS iQube,91wheels,Ranjan Sharma,I think best scooter in this rate best scooter in performance I feel comfortable sit so large and full capacity 75 km running speed is also good very good scooter in this time,5.0,04-07-2026,04-07-2026
671c6271a9f7457b41ba47b8794b3dbf,TVS,TVS iQube,91wheels,SIDHESWAR BALIARSINGH,Ok. It is comfortable disc & running must be good condition. This is very important for me. Battery back up is very essential & servicing must be done & very important.,5.0,04-07-2026,04-07-2026
62529f2d85fc6bbdaa3e71822cce1c95,TVS,TVS iQube,91wheels,Shafi,Best scooter. Good experience. Best design family scooter.,5.0,04-07-2026,04-07-2026
c6dff25f8b5bcd6e0802a7e9e4a9b287,TVS,TVS iQube,91wheels,M NAGARAJA,MY FAVORATE SCOOTER STYLISH SUPER BODY DISINE SUPER MILAGE EXELLENT MODEL HEAVY SCOOTER. GO FOR LONG. DRIVE STYLISH COLOUR.,5.0,04-07-2026,04-07-2026
1acedf0500b87bf4b1108ddda8c0eef3,TVS,TVS iQube,91wheels,K Ramesh,Less power Consumed in long smooth driving. So very good electric Scooter.,5.0,04-07-2026,04-07-2026
ebdf03ebe43a6f957c7e39b71d4d6b7a,TVS,TVS iQube,91wheels,Senu Paul,"Very good design and performance , I recommend this to all daily commuters.",5.0,04-07-2026,04-07-2026
4277c57684eafd59ff7eed6f9da12c78,TVS,TVS iQube,91wheels,Sivakumar,Good built quality and range is also good for short distance drives. You can go for it if you look for good quality bike. Cost is bit high. Once bought forget about petrol bunks.,4.2,04-07-2026,04-07-2026
dc0c5451982aab17b7c448f2f3f179fa,TVS,TVS iQube,91wheels,Dheeraj Kumar,"Comfortable scooter, mileage is to good. Design is luxurious . Seat is comfortable battery backup is good, headlight is HD light design is so cool .Running is very fast. TVS has launched best electric two wheeler.",5.0,04-07-2026,04-07-2026
8ff95635f02c4c1e92947b7427191cd4,TVS,TVS iQube,91wheels,Shahid,"The scooter comes equipped with a digital instrument cluster that provides essential ride information such as speed, battery status, and range. Furthermore, it incorporates connectivity features, enabling riders to access vehicle diagnostics, navigation assistance, and smartphone integration through dedicated mobile applications.",4.4,04-07-2026,04-07-2026
9d219b6dee372d2ffdb73826383bb75d,TVS,TVS iQube,91wheels,Pankaj chudasama,"The scooter has a futuristic and sleek design that sets it apart from other electric scooters in the market. The scooter has a aerodynamic body with a smooth and curvy shape that makes it look like a high-tech vehicle. The scooter?s body is made of high-quality plastic and metal, which gives it a premium feel and durability.",4.4,04-07-2026,04-07-2026
f26bd953891a6f90fca5eb5f0586d4fa,TVS,TVS iQube,91wheels,Dharmesh anand,"The scooter's quick handling and seamless acceleration are well-known. Instant torque is delivered by the electric motor, making for a fun and speedy driving experience.",4.4,04-07-2026,04-07-2026
f05c545c930aa95f3de57c0c5fccecbd,TVS,TVS iQube,91wheels,Rana,"The scooter comes equipped with a high-capacity battery pack that provides an impressive driving range on a single charge. This feature allows drivers to travel long distances without the need for frequent recharging, making it a practical option for daily commutes and longer journeys.",4.4,04-07-2026,04-07-2026
06d9caad6fba1669f64bf656fd0261b3,TVS,TVS iQube,91wheels,Siva,"The scooty's potent processor allows for lightning-fast speed and seamless navigation. With so many personalization possibilities on the device, you may also personalize your driving experience.",4.4,04-07-2026,04-07-2026
1db3975b4c66270bae7ee46f1319c9e1,TVS,TVS iQube,91wheels,Satheesh,"The scooty has numerous built-in safety measures, such as lane departure warnings, forward collision alerts, and automated emergency calling. When combined, these elements provide a safe and secure driving environment.",4.4,04-07-2026,04-07-2026
c5f26f2cf8cb77a31def3ef61c5054f7,TVS,TVS iQube,91wheels,Suresh sonkar,"The scooty includes a range of safety features, such as lane departure warnings, forward collision alerts, and automatic emergency calling. These features work together to provide a safe and secure driving experience.",4.4,04-07-2026,04-07-2026
0210dba6fb52f608b4b561e0f1a29e5b,TVS,TVS iQube,91wheels,Mohommad aliyoddin,"It is praised for its stylish design and attention to detail. Its modern looks, sleek bodywork, and attractive graphics make it visually appealing to riders.",4.4,04-07-2026,04-07-2026
a7bfdb3a38b2a92ff948a5ee706eae93,TVS,TVS iQube,91wheels,shaminabibi3@gmail.com,"It features a sleek and modern design that is both stylish and practical. It comes with a fully digital instrument cluster that provides information such as speed, battery level, range, and more. It also includes LED lighting for improved visibility and a USB charging port for convenience.",4.4,04-07-2026,04-07-2026
900befde1560ac5eb9588221b33ec921,TVS,TVS iQube,91wheels,Sagar k,It is powered by a 4.4 kW electric motor that delivers instant torque for quick acceleration.It gives a range of around 75 km on a single charge.,4.4,04-07-2026,04-07-2026
071d097f4bb2cafd1654d2afc8ee8ec4,TVS,TVS iQube,91wheels,Satish kumar,"The suspension setting is firm and looks content on smoother roads with slight humpbacks. Additionally, the seat is comfortable and big enough for larger riders. The scooter also has plenty of leg room, which contributes to a comfortable ride.",4.4,04-07-2026,04-07-2026
760b3b9c1bda2908392f40dffffe9a7f,TVS,TVS iQube,bikewale,Kaveri Avhad,"Serviceis not available properly,team coordination of theserviceteam is not good,Charging issueThe battery is not reliable, due to a battery issue my bike has been in the showroom for the past 1 month.very bad experience with TVSPlease refer to any other vehicles than TVS.Worst experience about TVS is electric scooter",1.0,04-07-2025,04-07-2026
c2d6f8acf6e6e56ec1b533fa9c54fb60,TVS,TVS iQube,bikewale,Ragini Yadav,It's the best ev scooter i purchase i qube scooter today. It's a good scooter and luck wise also good and the TVS finance system is too be good.I advise every person to purchase this evAnd enjoy the ride and and avaid petrolCharging time is 3 hours to 0 to 100 and75kmride to free mind,5.0,27-06-2026,04-07-2026
1a9bc1165aa3f42e4a97525f771943fd,TVS,TVS iQube,bikewale,Urmila,"iQube offers great value for money. Smooth, efficient, and perfect for city rides. I'm even planning to buy another iQube 5kW if TVS gives a discount! The only drawback is the limitedservicecentres; more are needed. Overall, a solid electric scooter I’d happily recommend to anyone looking for an EV upgrade.",5.0,12-07-2025,04-07-2026
7c069308a15986c75171190cbc6a1b36,TVS,TVS iQube,bikewale,Varun Kumar,"Having ridden your TVS iQube 3.5 kWh for three months and under5000 km, you find its comfort levels highly comparable to traditional petrol scooters. The145 kmIDC range variant offers a familiar, stable ride ideal for former ICE users. While you value features like vehicle location and navigation, the current software has significant friction points: the ""current ride"" data fails to reset automatically, making trip management difficult, and there is a strong preference for standard Google Maps over the proprietary app interface.",5.0,27-06-2026,04-07-2026
9a5637561618fbee27adee135d531349,TVS,TVS iQube,bikewale,Gaurav,"It's not worth of the money spent as it was high atservicecosts higher accessories cost highmaintenanceand low power just after four hundredkmServicecenters are not quick and charge very high for nominalserviceslooks like they dont care as their sale are at the higher endI would like to recommend going for some more better optionOne more issue is its not good for bumpy roads which are common in India also, handle bar is not easy to handle for females.",2.0,27-09-2025,04-07-2026
f4cd077fc93918015b3f2131c07c79b3,Ather,Ather Rizta,91wheels,Adarsh Kumar,"Ye scooter bahut accha hai. Maine ye 2 saal pahle liya tha ye ab tak bilkul new jaisa hai, isme abhi tak koi problem nahi aaya hai. Iska idc range bahut achaa hai main apne college ke liye isse use karta hun or ghar main bhi sab kaam ke liye iska use karta hun.",5.0,30-06-2026,04-07-2026
331fbed33c67fe71ed9705e6dbb16092,Ather,Ather Rizta,91wheels,sagar Adke,"I was just hunting an EV, so one of my colleague referred for Ather Rizta. I went to the showroom, booked a test drive and after test drive my reaction was just wow. The scooter is on next level, which satisfies all the needs of a common person.",5.0,04-07-2026,04-07-2026
956e4ee370bc5c4aa327c2323d25db34,Ather,Ather Rizta,91wheels,Syed Shareef,"Good looking scooter and nice pickup. Seating is also comfortable. But extra accessories are expensive compared to other scooters, like ladies leg guard, seat cover, body guard, etc. Colour is good.",4.4,04-07-2026,04-07-2026
9baa4638efc5cec60aa4938f0c860c82,Ather,Ather Rizta,91wheels,Nikhil,"Great experience with Ather Riza Z. Overall, great performance. The only downside is the high price, and it needs a 4.5 kWh battery pack for better real-world range.",4.6,04-07-2026,04-07-2026
51b4d068ec0f04381ec3dab5c9289eaf,Ather,Ather Rizta,91wheels,Chander Mohan,"The Ather Rizta offers a very nice and comfortable riding experience. It has a premium look, attractive pricing, and is well-suited as a family-friendly scooter. It feels easy and convenient to use in daily life, making rides smooth and enjoyable. Overall, it stands out as a practical and modern electric scooter with good comfort and value.",5.0,04-07-2026,04-07-2026
51a24f10305bee76844f97816cb0acd8,Ather,Ather Rizta,91wheels,Arpana Saxena,"I have not personally used this scooty yet, but based on public reviews and the experiences shared by my relatives, it seems to be a fantastic option. The feedback regarding its performance, comfort, and reliability has been very positive.",3.8,04-07-2026,04-07-2026
32b1893539942c3135b39e17b91d3c23,Ather,Ather Rizta,91wheels,Ankit Katiyar,"The Ather Rizta is a reliable and comfortable electric scooter, ideal for daily city commuting. It offers a smooth riding experience, good battery range, and premium build quality with a practical design. Overall, it is a great and dependable choice for everyday use.",5.0,04-07-2026,04-07-2026
fab08d36ba132bc30551be9862fecff7,Ather,Ather Rizta,91wheels,Bijoy Jena,"This vehicle has very nice quality and offers a sense of prosperity. The kilometre performance, mileage, and overall experience are all good.",5.0,04-07-2026,04-07-2026
986306ebdf6f217b69bc4b21ab3f521b,Ather,Ather Rizta,91wheels,Yogendra patil,Good quality and excellent performance.,4.2,04-07-2026,04-07-2026
d18d877e1a3db9a3822e97bbf6474521,Ather,Ather Rizta,91wheels,PRANAY manmode,"Nice scooter with a good look and features. It has a big seat size and good range. Color options are good. The price is reasonable. Build quality is good, and the ride quality is also good.",4.2,04-07-2026,04-07-2026
f27ecd6c6f50e40fb364383f7e203c35,Ather,Ather Rizta,91wheels,Md Babar Khan,"I absolutely love this scooty—its design looks very cool and stylish. Riding it feels smooth and comfortable, and it stands out compared to other scooters. The long seat and large storage capacity make it very practical for daily use. It runs almost silently, which adds to the comfort. I especially like the reverse option, along with its strong brakes and jerk-free ride. Overall, it’s lightweight, attractive from both front and back, and a pleasure to ride.",4.2,04-07-2026,04-07-2026
d34b5878efae8c189fee54db994475ee,Ather,Ather Rizta,91wheels,Gopal krishan,"I had a great experience with the Ather 450X. It offers excellent comfort, smooth performance, and impressive mileage. The fast charging feature is very convenient, and overall, it has been a wonderful experience. I highly recommend it to my friends and family.",5.0,04-07-2026,04-07-2026
773ab65f8d76bf76aab6a0d188b051d6,Ather,Ather Rizta,91wheels,Chayan Palit,"The car is really good, and I have a keen interest in buying it. I haven’t been informed about the price yet, but the car’s looks and quality are very good.",5.0,04-07-2026,04-07-2026
e1f56515451a36e0e1f47f971b5809a2,Ather,Ather Rizta,91wheels,Tanveer ahmed,"This scooter is good to ride and offers a smooth and comfortable experience. The road grip is nice, which helps in better control while driving. The center helpline is also helpful and supportive. Overall, it performs well and the service center support is good too. I would definitely recommend it to others.",5.0,04-07-2026,04-07-2026
59017fd4b4dd8f9f2a78745051f71d6a,Ather,Ather Rizta,91wheels,Patel Nil,"This vehicle offers good speed and charging range. It has excellent quality, useful features, and ample storage space. The price is affordable, with all necessary features displayed clearly. There’s wide space for feet, a good dynamo light, clear mirrors, and a smooth gear system—everything is excellent.",4.0,04-07-2026,04-07-2026
b69ddebaa0cba5b2387a88bcc206c8d3,Ather,Ather Rizta,91wheels,suresh verma,"This scooter is excellent for everyone. I highly recommend it to all riders. It offers great performance, reliability, and value, making it a very good and worthwhile product. Truly a scooter that stands out in its category.",5.0,04-07-2026,04-07-2026
4d18f0925982913ad1753e773893b2b6,Ather,Ather Rizta,91wheels,Suraj,"The scooter looks nice and stylish, and I want to buy a new one for personal use. It has good road grip, and I am satisfied with it. It’s perfect as a family scooter, comes in an updated model with attractive colors, and I plan to purchase it soon from the nearby showroom.",5.0,04-07-2026,04-07-2026
1f63b18cd4d8c79a518cd3f2c34bb3f6,Ather,Ather Rizta,91wheels,Karthikeyan S,This is a good and premium vehicle with no negatives to mention. All the features are excellent. I would definitely recommend this vehicle to my friends and relatives. Wishing the brand continued growth and all the very best.,5.0,04-07-2026,04-07-2026
73f1b22b2fcf00e3df35043145c15e6f,Ather,Ather Rizta,91wheels,Prajwal Barapatre,"It is a nice and comfortable scooter, smooth to ride and easy to handle. It’s simple to maintain, has good seating, and offers very spacious dicky storage.",5.0,04-07-2026,04-07-2026
b3800af52ecf89e754d387f265eae462,Ather,Ather Rizta,91wheels,Nectar Goldsmith,"All features are great the navigation panel, app connectivity, and the overall look with dual color options are really attractive. The accessories are also good, and the sitting comfort is top-notch. Charging is convenient, and the mileage is impressive. Everything about this vehicle is excellent. It’s truly the best for everyone.",5.0,04-07-2026,04-07-2026
6e7643bdf77ef06dee2bfd9921055901,Ather,Ather Rizta,91wheels,Kunde Kranthi,"Super bike, 2025 model, Ather. Price is superb.",5.0,04-07-2026,04-07-2026
fca6cfb0fe231ceda7bc8147ba968da7,Ather,Ather Rizta,91wheels,S S,"Very beautiful bike with good mileage and a comfortable riding experience. It runs smoothly with a soundless engine and has great pickup. The color and design are attractive, the lights and mirrors are excellent, and it offers good safety and battery performance. Overall, a great bike.",4.4,04-07-2026,04-07-2026
7acac30215c0368788d071bc4241f0a2,Ather,Ather Rizta,91wheels,Ritik Gour,"Ritza is not only the number one, but it's also exceptional in terms of comfort. Its features, mileage, and build quality are all top-notch. It's a well-balanced vehicle that makes you feel like you're not even driving. Among all EVs, this is the best. Its front light is fully led, which ensures no issues while driving at night. Thanks to its battery capacity and quality, the mileage is also excellent.",4.4,04-07-2026,04-07-2026
9f3c9d5d33b9c330298a920bc850b951,Ather,Ather Rizta,91wheels,Pavan Kumar,"It’s good to move around with the Ather. The Ritza Z is more comfortable for family use. As for the design, the Ather 450 is great for people, and it’s also very comfortable.",5.0,04-07-2026,04-07-2026
e1293a035d45aaee7484e2cc2232c17a,Ather,Ather Rizta,91wheels,Veerendra Siddhrau,"It's good for family person seat comfortable, Good mileage Low maintenance And I like design and color Aluminum frame is good And abs fiber body make fire proof Tow suspension.",5.0,04-07-2026,04-07-2026
dd5bef2caea75d30ddeb547c6f9d45f6,Ather,Ather Rizta,91wheels,Sivakumar,Bike is good and rigid in quality. Built quality is excellent.,4.2,04-07-2026,04-07-2026
a7cd0ae349080971e810b9bff4456cbc,Ather,Ather Rizta,bikewale,Xyz,"A very badexperienceof a sales executive and workshop manager. All hidden clauses are not disclosed to customers before purchase. All services are on a paid basis, and that too after completion of 5k kms. Nothing is mentioned about such clauses on their Ather App. One screw was to be replaced in my vehicle, wherein the Workshop person says that we don’t have such a screw and need to be replaced through some other mechanic. A company selling vehicles of more than 1.25 lacs don’t keep a screw worth 10 rupees in stock. TOTALLY DISCOURTEOUS AND ILL-MANNERED BEHAVIOUR.A kind request to confirm everything and check all reviews and information about their services before purchasing the vehicle. Don’t trust anyone blindly. Poor after the service of the vehicle.",1.0,28-03-2026,04-07-2026
c415f21a02b7f2a7d69268421c6b5964,Ola Electric,Ola S1X,bikewale,Vipal,"Not buy ola product,servicehighly issue. One's you buy this you have lost money, I have lost my money and time, hate this product. NEVER EVER BUY OLA PRODUCT. Every showroom has lot of vehicles. If you want to buy Ola product before you ask 3 vehicle owners after take a Decision.",1.0,30-08-2025,04-07-2026
f4f3a76e4e04323fd712b1757db92c76,Bajaj,Bajaj Chetak,91wheels,Shaikh Mohsin,Yeh jo scooter hai uska look awesome hai color bhi sahi hai bazar me bhi sab notice karte hai achhi baat yeh ki fully metal body hai aur smooth chalti hai,4.0,01-07-2026,04-07-2026
371994dd5c45693faa383c1b57c4201f,Bajaj,Bajaj Chetak,91wheels,Suraj Shyam prami,Chetak is the best. Average is the best. Chetak is all India's best product.,5.0,01-07-2026,04-07-2026
259b685e88c5da0af1f7fb29af01485e,Bajaj,Bajaj Chetak,91wheels,Samreen,"Best Scooter in EV & I loved the look, the seating, the comfort & the range. I prefer this from other scooties. Service Stations are easily available around us. So I Recommend to all my Friends.",5.0,13-06-2026,04-07-2026
b71312d77fc0e06ee84b9da475cae583,Bajaj,Bajaj Chetak,91wheels,Anonymous,Good looking and best result. Smoothly runing and good quality product. Market value of this product is very good quality. I recommend this product for everyone,5.0,13-06-2026,04-07-2026
d85c311cab3440647f9aaaa9a02e85db,Bajaj,Bajaj Chetak,91wheels,Danish,This is a very nice scooter. It saves a lot on petrol and provides a very comfortable riding experience. The seat is also excellent. I highly recommend everyone to buy this scooter to increase their savings.,5.0,04-07-2026,04-07-2026
36f61ce6a373ca402bdcc131ccffa5bb,Bajaj,Bajaj Chetak,91wheels,Brajesh Kumar Brajesh,Yeh bahut acchi scooter hai aur mujhe bahut pasand. Aur sabse badi baat hai ki trusted hai.,5.0,04-07-2026,04-07-2026
fde76285d834b933bc557cfc5865644a,Bajaj,Bajaj Chetak,91wheels,bandarapu Srinivas,"Compared to other vehicles, the Bajaj Chetak Electric is very comfortable for riders. Its metal frame is well-designed, offering a comfortable ride and seating even on long drives. The battery is durable, and overall, it’s a very useful and popular electric scooter with high sales.",5.0,04-07-2026,04-07-2026
6db51e730608a1234c454b621d8a334e,Bajaj,Bajaj Chetak,91wheels,RK Y,"Achhi gaadi hai lene layak, lekin lene ke baad kabhi-kabhi kuch na kuch dikkat aa jati hai, specially gaon ke area ke logon ke liye.",5.0,04-07-2026,04-07-2026
2421f2d43c5e4b75b12dafbe0c29f382,Bajaj,Bajaj Chetak,91wheels,Kusa pattanaik,The scooter offers great service and overall performance. Its solid build and slightly heavier weight provide a stable and comfortable riding experience. I would definitely recommend it to everyone—it's a reliable choice that you can go for without a second thought.,5.0,04-07-2026,04-07-2026
47d1b2ea1ea378a2b12c8693812390ce,Bajaj,Bajaj Chetak,91wheels,Ashu Asish,"My uncle owns this bike, and it is truly superb. It has a comfortable seating position and a good-looking design. I really enjoyed riding the scooter because of its smooth driving experience and seating comfort. The mileage, performance, and low maintenance make it even more enjoyable to use.",4.6,04-07-2026,04-07-2026
58b4d2e9927fd1e97dd1fa45ea1537cd,Bajaj,Bajaj Chetak,91wheels,Prabhu Seth Ji,"The Chetak is a very good electric scooter, and I like it a lot. It is smooth to ride and feels very comfortable in daily use. I would definitely recommend it to all my friends and anyone looking for an electric scooter. Overall, it is a reliable product from a trusted company and offers a great riding experience.",5.0,04-07-2026,04-07-2026
76b555bd6b2a2b6297791963ac29ed53,Bajaj,Bajaj Chetak,91wheels,Jagdish,"This model truly stands out as best in class with a super design and performance. It is very easy to use, making it suitable for everyday needs. Overall, it offers a smooth and user-friendly experience that makes it a top choice in its category.",5.0,04-07-2026,04-07-2026
25813f17fe273f630c9a8be73c4c9a3e,Bajaj,Bajaj Chetak,91wheels,Amit kumar,"Very nice look, good mileage, and an affordable option, especially in today’s situation where petrol prices are rising rapidly. It is suitable for everyone’s daily work and commuting needs. Overall, it is a smart buy for all.",5.0,04-07-2026,04-07-2026
ab975152ab848f170938b2642ef574cb,Bajaj,Bajaj Chetak,91wheels,L k enterprises Kale,"Good service, good condition, and good mileage make this a reliable and satisfying choice for daily use.",2.0,04-07-2026,04-07-2026
0599ffbecaf3f53e06143da210fabe67,Bajaj,Bajaj Chetak,91wheels,Kapil,"The Bajaj Chetak is truly one of the best scooters ever in terms of performance. It offers a smooth and reliable riding experience, making it a great choice for daily commuting. Overall, it stands out as a strong and impressive electric scooter.",5.0,04-07-2026,04-07-2026
96186dda3460bb4bf95e74a1eaa8cf6d,Bajaj,Bajaj Chetak,91wheels,Anonymous,"This is a good and comfortable scooter that is also budget-friendly. If your daily travel is around 20–30 km, there’s no need to charge it every day, which makes it very convenient. The design is stylish and classy, adding to its overall appeal.",3.8,04-07-2026,04-07-2026
4528d7852284e3f1d90f2bdc872dccd6,Bajaj,Bajaj Chetak,91wheels,Arun Reddy,"This is an awesome scooter and truly worth the price. I love it and highly recommend it to my friends and family. My father, a Chetak lover, also approves. I give it a 5 out of 5 rating.",5.0,04-07-2026,04-07-2026
2ff50ee16fd13ab3f90ca9b00e9dbb4c,Bajaj,Bajaj Chetak,91wheels,Udbhav agarwal,"This scooter is excellent—comfortable to ride, stylish in design, with a sturdy metal body and a good battery. A reliable and attractive choice for daily use.",3.6,04-07-2026,04-07-2026
76de9ecdceba91e1db6e4f676c8fbf29,Bajaj,Bajaj Chetak,91wheels,TAMILARASAN,"The range of this EV scooter is impressive. I feel it could be redesigned to appeal more to youngsters, with additional color options across all variants. The C series design is very attractive, and the price is reasonable.",3.8,04-07-2026,04-07-2026
22b89cc497f7061aa36ba4411c222b29,Bajaj,Bajaj Chetak,91wheels,???????? ???? ????,I loved it! This is a very good EV scooter. I highly recommend everyone to take a test ride so you can experience how great it is. I am using it and truly enjoying it.,5.0,04-07-2026,04-07-2026
bc45e42f7b09f00162ac2f63fd7b169b,Bajaj,Bajaj Chetak,91wheels,Anonymous,"This is a very nice scooter with a stylish look and excellent suspension, making the ride comfortable and smooth. It performs well and is easy to drive. I highly recommend buying the Bajaj Chetak for anyone who wants a better and enjoyable riding experience, especially as it’s an efficient electric vehicle.",4.0,04-07-2026,04-07-2026
53dd481a4473ca2a06e610d7bb6b3402,Bajaj,Bajaj Chetak,91wheels,Jasvinder,"This is a complete family scooter that goes beyond expectations. Bajaj Auto is a name that has been trusted for years, known for its reliability and strong reputation. This scooter is not just a vehicle — for some, it is a source of livelihood; for others, it represents trust, and for many, it is an essential part of their daily life.",4.8,04-07-2026,04-07-2026
6f5701679ba09c8050ecf59b02751cb4,Bajaj,Bajaj Chetak,91wheels,CHIKK,Simply super look and easy to ride on the road. It is good on narrow streets. It is eco-friendly and we can enjoy the fun of electric kick start.,5.0,04-07-2026,04-07-2026
d6463fcb972750b5c848ddd6d5119824,Bajaj,Bajaj Chetak,91wheels,Ajay Yadav,"The Bajaj Chetak is a fantastic electric scooter with smooth performance and stylish design. It offers good range, reliable speed, and comfortable riding, making it perfect for both city and short-distance rides. Eco-friendly and efficient, it’s an excellent choice for anyone looking for a modern electric scooter.",5.0,04-07-2026,04-07-2026
4211b0635af5d933dff901c0db80a24d,Bajaj,Bajaj Chetak,91wheels,Pradeep Kumar,"Nice bike with good performance and value for money. However, I think the battery gives low mileage, so it would be better if it offered more range.",4.4,04-07-2026,04-07-2026
7f8af9fbc5a7ad6cd5826948cbfb7e38,Bajaj,Bajaj Chetak,91wheels,Durgamadhab sahoo,"Nice to drive – I absolutely love it! I’ve even recommended it to my friends because it’s such a fantastic bike overall. I really admire its stylish design, and the pricing is very reasonable for the features it offers. On top of that, Bajaj’s service is top-notch, which gives me extra confidence and peace of mind as an owner. I truly believe the new model is going to dominate the sales charts. It stands out brilliantly in terms of performance, looks, and overall value for money.",5.0,04-07-2026,04-07-2026
e768fe2e927d7a9a2f340ec28cfade70,Bajaj,Bajaj Chetak,91wheels,Rinku Yadav,This bike drives very smoothly and looks amazing on the road. I’m really happy with it—it has made a strong impression on me. It’s far better than I expected and truly stands out.,3.6,04-07-2026,04-07-2026
ddfa68876227700cab89a612b34119d9,Bajaj,Bajaj Chetak,91wheels,Nowfal,"This is an excellent scooter, perfect for city and local riding. I really like it—it’s stylish, comes with different riding modes, and offers good speed. The mileage is impressive, and the price is very reasonable, making it a great choice for local buyers.",5.0,04-07-2026,04-07-2026
fb4c8d1937c8c8eb622cc558e0854474,Bajaj,Bajaj Chetak,91wheels,neeraj yadav,"This is a good electric scooter with a stylish look and solid body. The design and colors are attractive, and overall it is a nice scooter that offers great value for money.",4.0,04-07-2026,04-07-2026
55bccf549bbc7b4d20c325cbe9fb3f3f,Bajaj,Bajaj Chetak,91wheels,Harshit Raghuwanshi,"The Chetak is the best comfortable scooter. For all its features, this bike is my best choice. It is very helpful and a great scooter overall.",2.2,04-07-2026,04-07-2026
3409d1c9833ba819468ef20a17455711,Bajaj,Bajaj Chetak,91wheels,Anonymous,electric me sabse best scoter chetak hai kisi bhai ko lena ho to chetak hi perchash kare our ride ke maje le our smoothness ke sath ride kare jisse ap khush rahe swasth rahe,4.8,04-07-2026,04-07-2026
8274a657296ef7959d0de4249fd51a60,Bajaj,Bajaj Chetak,91wheels,Arman Warsi,"Bajaj Chetak is one of the best electric scooters. Its features are excellent, the build quality is top-notch, and the colors are very stylish. It feels like a luxury scooter.",4.4,04-07-2026,04-07-2026
3f4348dcaa57759fb80a73bf7763544d,Bajaj,Bajaj Chetak,91wheels,Rupesh,bahut hi acchi chalti hai dikhne mein acchi hai metal body hai charging fast hoti hai isliye gadi behtareen hai kisi ko lene ke liye acchi hai budget mein hai.,4.2,04-07-2026,04-07-2026
0a2d2b89c121d44c9559864778898051,Bajaj,Bajaj Chetak,91wheels,Harshal sanjay,"The best thing I like about it is its carrying capacity, and it’s also available at a low price. I think the Chetak Bajaj scooter is the perfect choice for me and my family. Thank you.",5.0,04-07-2026,04-07-2026
4e98c0db1eaa5de26d5008d32bff6efa,Bajaj,Bajaj Chetak,91wheels,Satish Chougule,"Bajaj has had the best goodwill for a long time. Our family has used five Bajaj vehicles and had the best experience with all of them. Now, I am interested in purchasing the Bajaj Chetak electric vehicle.",5.0,04-07-2026,04-07-2026
0e8225c2a2e6685392bd06a1d7d49e23,Bajaj,Bajaj Chetak,91wheels,Harshit Kumre,"I love this scooter! It's very comfortable and budget-friendly. Thank you, Bajaj, for making this beautiful scooter for Indian families. We truly appreciate Bajaj Chetak and the entire Bajaj team in India.",5.0,04-07-2026,04-07-2026
a76f98800a25b594b828db541eccbf5b,Bajaj,Bajaj Chetak,91wheels,Sayyed Arab sayyed,best bike in the world best electric vehicle comfort mileage pickup better life etc best,5.0,04-07-2026,04-07-2026
be186b8177c597021899cc6cf9894627,Bajaj,Bajaj Chetak,91wheels,Ja,"Very fast service and good mileage. It was nice to meet the TVS team. Overall, a very quick and satisfactory service experience.",5.0,04-07-2026,04-07-2026
18aed7e58d95e94e281c5745b9b79451,Bajaj,Bajaj Chetak,91wheels,Dinesh jat,Excellent job! This bike is one of the best in its segment. Very good work overall.,5.0,04-07-2026,04-07-2026
23c7a70ce41778cbd8b44be148b34656,Bajaj,Bajaj Chetak,91wheels,Bhavesh Lachhwani,Best electric vehicle from Bajaj. I suggest people buy it it’s truly a great vehicle for future generations. It’s also a real money and time saver.,5.0,04-07-2026,04-07-2026
5e1f24a1432932849d57c0207788508f,Bajaj,Bajaj Chetak,91wheels,Divanshu bedwa,"The Bajaj Chetak is extremely comfortable and reliable. I highly recommend it to everyone looking for a smooth and dependable ride. I truly love this scooter — it’s stylish, attractive, and has a cool presence on the road. A perfect choice for those who want both performance and appeal.",5.0,04-07-2026,04-07-2026
ce50a86350835a8331d4dfc0f5da0c18,Bajaj,Bajaj Chetak,91wheels,Mast Mast,"The Bajaj Chetak is an excellent electric scooter with a perfect balance of performance and style. Its battery average is impressive, and the top speed is more than enough for city rides. One of the standout points is its quick and efficient charging time, making it very convenient for daily use. With advanced features and eye-catching design, this scooter is not just functional but also beautifully colorful. Overall, the Bajaj Chetak is a top-quality product in the electric segment — stylish, smart, and reliable.",5.0,04-07-2026,04-07-2026
e3b521e1a26e6d144be7273224393f37,Bajaj,Bajaj Chetak,91wheels,Ram naresh Thakur,"The Bajaj Chetak is a top-quality electric scooter with excellent mileage and a strong metal body. I’m really happy with my purchase — Bajaj has done a great job with this model. It feels sturdy, reliable, and stylish. Truly a great experience riding this electric beauty!",5.0,04-07-2026,04-07-2026
13239955f1435fefccd84f07afe7ea3d,Bajaj,Bajaj Chetak,91wheels,Bijay,"The Bajaj Chetak is an awesome scooter with a trendy and stylish design that stands out on the road. I really like its affordable pricing, which makes it a smart choice in the electric scooter segment. A perfect blend of modern looks and value—simply impressive!",4.6,04-07-2026,04-07-2026
128dafc601585827ee7729c476957b3b,Bajaj,Bajaj Chetak,91wheels,Sukhdev Babasaheb,Bajaj Chetak is a very nice scooter. I have been using it for four years now and haven’t faced any problems. I am planning to buy another Bajaj Chetak in the new version. Bajaj Chetak is a great scooter.,5.0,04-07-2026,04-07-2026
93063ad944fda209ba2b86f1b2d90470,Bajaj,Bajaj Chetak,91wheels,amol s,"Very nice design and smart features, outstanding mileage, and shiny colors. It rides easily on Indian roads. I am happy to purchase this EV scooter. Thanks to Bajaj and all the engineers who did a great job creating this scooter with their genius brains.",5.0,04-07-2026,04-07-2026
07038029842c3626cdf307d86b42587d,Bajaj,Bajaj Chetak,91wheels,Shivam,Very nice scooter in this price range. I will suggest to every one. Bajaj chetak run very well.,4.2,04-07-2026,04-07-2026
e10e6bab41e5cdc705ea922328a8c611,Bajaj,Bajaj Chetak,91wheels,Rk The Best,"Excellent but Scooter Seat length Extended 12 Cm extraordinary and Mirrors Look average and Bluetooth set Super, alloy wheel Super and also look super. Battery Safety Guard given. Excellent.",4.6,04-07-2026,04-07-2026
cfbb75ccd984c2f029c2ba852bab1c31,Bajaj,Bajaj Chetak,91wheels,ravindrababu nagineni,"Good scooter to buy price value is so affordable, looking nice, more worth full specification are good we can save money for buying this scooter it's asome excellent, use full for all working usage",5.0,04-07-2026,04-07-2026
488eb84e12c3d64762553f4524bd1dd1,Bajaj,Bajaj Chetak,91wheels,Mere ram Jai shree ram,"Scooter is very beautiful. Condition and price is very right, and disbreak and headlight, and comfortable seat or battery backup is 123 km is 2902 and price very good.",5.0,04-07-2026,04-07-2026
96da229411963f82d9c9353b07212b13,Bajaj,Bajaj Chetak,91wheels,VISHWANATHA B,"SUPERB DESIGN WITH GOOD LOOKING. COMFORTABLE TO RAID, EASY TO CHARGE, NICE CUSTOMER SERVICE.SUPERB DESIGN WITH GOOD LOOKING. COMFORTABLE TO RAID, EASY TO CHARGE, NICE CUSTOMER SERVICE.SUPERB DESIGN WITH GOOD LOOKING. COMFORTABLE TO RAID, EASY TO CHARGE, NICE CUSTOMER SERVICE.",4.6,04-07-2026,04-07-2026
4e014837c4f451470bdc879a927bd64e,Bajaj,Bajaj Chetak,91wheels,Abhay,"Bajaj Chetak is Modern Elegance with a Classic Soul The Bajaj Chetak is a name that evokes nostalgia, and its modern avatar doesn’t disappoint. Bajaj has beautifully blended the charm of the iconic scooter with the sophistication of cutting-edge technology, making the Chetak a perfect fit for today’s urban commuter.",5.0,04-07-2026,04-07-2026
295647ea06f4710988e96bd04f305d59,Bajaj,Bajaj Chetak,91wheels,Asheesh Kumar,"The scooter has a retro-inspired design that combines timeless components with contemporary style. It has a premium appearance thanks to its smooth, elegant body with chrome accents and smooth lines.",4.4,04-07-2026,04-07-2026
b4756945444da031bbdc92efeeaa2a57,Bajaj,Bajaj Chetak,91wheels,Naresh,"It is powered by a 4 kW electric motor that delivers instant torque for quick acceleration. The scooter can reach a top speed of 70 km/h, making it suitable for city commuting and short-distance travel.",4.4,04-07-2026,04-07-2026
364e86cf5c84614ee134274a703eafdd,Bajaj,Bajaj Chetak,91wheels,Dinesh,"It has a modern, beautiful appearance thanks to its smooth body, crisp lines, and chrome embellishments.It appears updated and changed.",4.4,04-07-2026,04-07-2026
f1e5160079b04dbc60aeb172b7432cd7,Bajaj,Bajaj Chetak,91wheels,Pavan kumar,"The range of up to 95 kilometers is adequate.It offers a smooth and silent riding experience, because its electric powertrain. The instant torque delivery ensures quick acceleration, making it suitable for urban commuting.",4.4,04-07-2026,04-07-2026
a01d1ee6b828032459c95a696a6218ea,Bajaj,Bajaj Chetak,91wheels,Devaraj,Retains the classic retro look while incorporating modern elements. Shiny and elegant design with clean lines and a smooth finish.,3.8,04-07-2026,04-07-2026
bcaf897da28392406d00e55933bb9d1f,Bajaj,Bajaj Chetak,91wheels,Abhijeet Nilkanth,"Fit and finish of the body panels are of high quality, giving the scooter a premium feel. Enjoyable to ride in urban environments. Braking system consists of a front disc brake and a rear drum brake, which provide adequate stopping power.",3.8,04-07-2026,04-07-2026
5066e03bd3364f3962f7507f494bc302,Bajaj,Bajaj Chetak,91wheels,Ramashanker,"I had purchased it in August 2022. Vehicle is ok. No App Available till now. Range is not good. No Brochure, No Warranty Card. They are Giving Ads Rs 1,21,000/- Price But I had Purchased In Hyderabad showroom. On Road Price i paid is Rs 1,64,000/- in August 2022.",2.6,04-07-2026,04-07-2026
82f42c33f12c8122b3b1a1eed5c7eba4,Bajaj,Bajaj Chetak,91wheels,Harebdra Upadhyay,It accompanied me for a period of around 22 years with complete satisfaction to me. It was really a nice two wheelers of its time.We always felt pride riding this vehicle.,3.4,04-07-2026,04-07-2026
0e00479a8d6180db22756065a4fa2f97,Bajaj,Bajaj Chetak,91wheels,Gabru Narodiya,"The Chetak has LED lighting everywhere, and the horseshoe-shaped DRL around the headlight is particularly stylish.",4.0,04-07-2026,04-07-2026
5f47f5d051764f1358bc5edb9de90f43,Bajaj,Bajaj Chetak,91wheels,Dinesh Sangwan,The driving experience of this scooter is phenomenal along with its good build-in quality,3.8,04-07-2026,04-07-2026
ae9165ed8bab8de42fb815825989cbe1,Bajaj,Bajaj Chetak,91wheels,SYED Rasheed Ali,I purchased bajaj chetak 28 July 2022 only 40 days chetak is break down no power is coming,4.2,04-07-2026,04-07-2026
6f795892b30fba93aa3dacbb8903115d,Bajaj,Bajaj Chetak,91wheels,HEMANT JAIN,Looking not good but the sound is not good.smooth run in city road,2.2,04-07-2026,04-07-2026
42ff1f27c56cbc63a923ace58e31d370,Bajaj,Bajaj Chetak,91wheels,Wazir Mohammad,"The bike is extremely good to look at, gives around 90 kmpl mileage. Very powerful and economical choice.",4.0,04-07-2026,04-07-2026
1357ea034404459b63edecf5f2fd744d,Bajaj,Bajaj Chetak,91wheels,Firoz,Bajaaj chetak is a economy vehicle that an average middle class family can afford,4.2,04-07-2026,04-07-2026
2a15807014704274d259382e39e98736,Bajaj,Bajaj Chetak,91wheels,Rajesh A S,Just keepig it for legacy memories,2.6,04-07-2026,04-07-2026
4ba88d4abb97b7d588455967e28bf870,Bajaj,Bajaj Chetak,91wheels,Ashok B,Scooter is Good,4.2,04-07-2026,04-07-2026
3b80578650e737becffd3c84cf45e805,Bajaj,Bajaj Chetak,bikewale,Md Zahid,"I purchased my electric Chetak scooter last year; since then, it has been creating a kind of problems for me while riding, sometimes it doesn't get started and sometimes the screen gets totally blanked, and whenever I visit theservicecentre for any assistance, the manager, along with some of the other staff, doesn't know how deal with the customers in a proper manner. They do not have the sparepartsavailable in the showroom; they only try to take the money from the customers' side instead of repairing the electric vehicles.Last but not least, I recommend that anyone should not purchase an electric scooter from such places where the manager himself behaves rudely and doesn't provide satisfactoryserviceto the customers.",3.0,01-07-2026,04-07-2026
f3c346e0c1962c5857b48ab405822fb7,Bajaj,Bajaj Chetak,bikewale,Omkar Gaikwad,"The Bajaj Chetak electric scooter is praised for its solid, all-metal build quality and classic, stylish design that offers a premium feel. It delivers a smooth, quiet ride with sufficient performance and a claimed range up to155 km/charge (depending on the variant, with real-world range often120-140 km).",5.0,22-11-2025,04-07-2026
7b32d67ca2e55ceae906fa8390e21abf,Bajaj,Bajaj Chetak,bikewale,Mahesh Ramteke,Third classservice. For warranty battery change giving one month time. How we manage 30 days without vehicle. In one year battery changed now the main battery not working. This is patheticserviceof Bajaj. In our surroundings no one is happy with them. Battery consumption increases after one year.,1.0,18-10-2025,04-07-2026
0d434cdf4065b016cf897388c8d7c832,Bajaj,Bajaj Chetak,bikewale,S Dinesh,Chetak showroom in Srikakulam not ever giving goodserviceto customers and their marketing manager not providing a new helmet to a new bike even though it is the central govt. Rule that the manufacturer to give a new helmet to the 2 wheeler customers. And they are taking the pictures of customer with a old helmet and uploading it on website.,1.0,18-10-2025,04-07-2026
b63d60a0b35079047fd70991e2f20a84,Bajaj,Bajaj Chetak,bikedekho,Vedant,"I choose this bike because I heard from someone electric bike is more value for money, first I thought there will not so much difference then I search, I saw it so value for money and I adviced to buy a chetak. My ride was so far because this EV is the most value for money fuel, first I was using a bike of 160 cc it's average for me was very less in 1 litre petrol it goes nearly 25 to 27 km but, I have taken EV so no need to go for petrol thanks. Yes because it's mileage is very good, I like this bike personally we should don't waste money on petrol because EV is the most value for money fuel from my side advice is we should not use petrol diesel thanks my review after taking chetak was so best.",5.0,30-06-2026,04-07-2026
f90c17db6ccee5888de201393ac4f412,Hero,Hero Vida V2,91wheels,jainendra rai,"Very good vehicle for ride and comfort in city as well as village, easy charging at door step, easy remove to battery for charging and easy fitted self battery for ride.",5.0,04-07-2026,04-07-2026
f79604543f9e1990d0384c9d0a73c43a,Hero,Hero Vida V2,91wheels,Randhir Kumar,Best my choice bike for smooth ride in daily life style use and best of trafficking and easy to carry item and all features are fantastic and my favourite Bike.,5.0,04-07-2026,04-07-2026
af4d44a8dae239af1b9aad6074bc3173,Hero,Hero Vida V2,91wheels,Vv Ip,"This is one of the best electric scooters in its price segment. It offers a real-world range that makes daily commuting easy, along with excellent comfort and low maintenance costs. Fast charging adds to its convenience, making it a true value-for-money scooter and one of the best options in its category.",5.0,04-07-2026,04-07-2026
e9f770b4e3d80f9b5c6574dc15fa9611,Hero,Hero Vida V2,91wheels,Aditya Kumar,"The Hero Vida V1 is a perfect family scooter that offers many useful features at an affordable price. It delivers a good real-world range of around 105 km in eco mode, making it practical for daily use. The service support in the local area is also reliable, adding to the overall positive ownership experience.",4.6,04-07-2026,04-07-2026
b473c31eb5d2d626ce0dad3d663dd935,Hero,Hero Vida V2,91wheels,Kundon Verma,"This scooter truly reflects the quality of the brand. I personally tested and drove it, and experienced a very smooth ride. Overall, I believe it is an excellent product from Hero Vida, combining reliability, performance, and comfort.",5.0,04-07-2026,04-07-2026
6e6471e4bf696ab4e3a6b520a0a1b80f,Hero,Hero Vida V2,91wheels,Aswani pal,"This brand is reliable and suitable for everyone. I chose it because it is trustworthy and well-regarded in India. Many people recommend this product, and it comes with a good warranty, adding to its overall value and assurance.",5.0,04-07-2026,04-07-2026
56c0f0b1f24112b0082434ce15e1a68d,Hero,Hero Vida V2,91wheels,Keshwanand giri,"I really like Hero MotoCorp and their products. I am interested in getting a Hero EV scooty because it offers good performance and mileage. Compared to other EV companies’ scooters, Hero’s EV scooty feels more reliable and exclusive. Overall, it is a great choice for anyone looking for a high-quality electric scooty.",5.0,04-07-2026,04-07-2026
d875920b39b34559ec59a5a4d27feb20,Hero,Hero Vida V2,91wheels,Surinder Singh,"The best feature is that it can be recharged at your own convenience since it is movable. The price is lower compared to others. It is stylish and good-looking, and the side-mounted motor is also a very good option.",3.8,04-07-2026,04-07-2026
c44b4d1219e9eb9c88b13bc6ad99be89,Hero,Hero Vida V2,91wheels,Ajith,"The scooter has a very appealing look and is inexpensive to maintain. Its battery range is good compared to other EVs, helping save a lot on petrol costs. The only drawback is that long rides may cause back discomfort, so it’s better suited for short to medium trips.",4.2,04-07-2026,04-07-2026
476233faca8fbd66999f24715fe69af5,Hero,Hero Vida V2,91wheels,Mahendra Shivalkar,"I really like this bike—it has a cool and bold look. The features are amazing, with good mileage and comfortable seating for long rides. The design is stylish, the battery backup is impressive, and it offers big storage capacity. Overall, a super cool and highly satisfying bike.",5.0,04-07-2026,04-07-2026
77d9a20c67cb054198f0b87625f1e773,Hero,Hero Vida V2,91wheels,Anonymous,"Hero Vida V2 offers very good performance with a stylish design and a large battery pack. The range is impressive, making it a reliable choice for daily use. Overall, it delivers a great experience and is a top pick for anyone looking to buy an electric scooter.",5.0,04-07-2026,04-07-2026
9f35466b5529b44328181bb8b8eafa9c,Hero,Hero Vida V2,91wheels,Bittu,"An awesome EV scooter packed with style, performance, build quality, and a lot of features offered by Hero at a reasonable price, especially when compared to other competitors in the market.",4.8,04-07-2026,04-07-2026
a33291bcd0f046fdd63aed1f967fe6b5,Hero,Hero Vida V2,bikewale,Atul Kumar,"Vida V2 Pro ek electric scooter hai jo Hero MotoCorp ki taraf se launch kiya gaya hai. Ye scooter un logon ke liye ek achha option hai jo modern design, advanced features aur long range wali EV ki talash kar rahe hain. Iska design sleek aur stylish hai, jo urban youth ko attract karta hai. Build quality mazboot hai aur scooter par premium finishing di gayi hai.Battery aurperformanceki baat karein toh Vida V2 Pro me removable lithium-ion battery milti hai, jise ghar ya office dono jagah easily charge kiya ja sakta hai. Company ke claim ke hisaab se iski range 110–120 km ke aas-paas hai, jo daily cityrideske liye kaafi hai. Top speed lagbhag 80 kmph tak jati hai, jo city traffic ke liye sufficient hai. Acceleration bhi smooth hai aurridingexperiencecomfortable lagta hai.Features ke mamle me ye scooter advanced technology ke sath aata hai. Isme 7-inch TFT touch display diya gaya hai jisme navigation, call/SMS alerts, aurridingmodes jaise options milte hain. Cruise control, reverse assist aur customizableridingmodes jaise features ise apne segment me alag banate hain. Connectivity ke liye mobile app support bhi diya gaya hai jisse user scooter ki health, charging status aur location track kar sakta hai.Suspension aur braking system bhi balance aur reliable hai. Front me disc brake aur rear me drum brake diye gaye hain, jo safety ke point of view se effective hai. Comfort ke liye scooter me spacious seat aur achhi storage space bhi milti hai.Overall, Vida V2 Pro ek premium electric scooter hai jo stylish design, high-tech features aur reliableperformanceke sath aata hai. Jo log eco-friendly aur modern scooter chahte hain unke liye ye ek strong choice ho sakta hai.",5.0,27-09-2025,04-07-2026
